"1 group of Usukizuzaki 4-chome Usuki city, Oita prefecture",address
"1-1-11 Shimonuma, Seongnam-gu, Fukuoka city, Fukuoka prefecture",address
1-1-17 Tamagi Machihara gun Mie prefecture county council,address
"1-13-6 Onohama cho, Chuu-ku, Kobe-shi Hyogo ken",address
"1-16 Daito-cho, Tsuruoka-city, Yamagata Prefecture 3-18-7 Maezawa Minamizawa, Oshu, Iwate Prefecture",address
"1-4-15 Kubotani Kusubara-machi, Takaoka-gun, Kochi prefecture",address
"1-4-9 Magoshi-cho, Tonosho-cho, Azu-gun, Kagawa prefecture",address
"1-5-2 Okinaga cho, Hiratsuka-shi, Kanagawa prefecture",address
"1-5-3 Yaesu, Chuo-ku, Tokyo",address
"1-6 Higashiwada, Narita-shi, Chiba-ken",address
"1-8-13 Yamada Shoda cho, Nishikyo-ku, Kyoto-shi, Kyoto",address
"2-1-5 Nagase Hatakeama-cho Amami-shi, Kagoshima prefecture",address
"2-10-13 Taketa-cho, Kuroishi City, Aomori Prefecture",address
"2-15 Hirukawa cho, Komatsu city, Ishikawa prefecture",address
2-15 Minamicho Maebashi City Gunma prefecture,address
"2-2-2 Minami Kanjo-cho, Kamigyo-ku, Kyoto-shi, Kyoto",address
2-2-6 Uenoi Hozakamachi Nosaki shi Yamanashi prefecture,address
"2-4-17 in Kita-no-River within Arita-cho Nishimatsura gun, Saga prefecture",address
"2-4-2 Tanioka cho, Ishioka-shi, Ibaraki Prefecture House Tanimicho 116",address
"2-8 Nobeoka cho, Nobeoka-shi, Miyazaki",address
"2-9-17 Komaki, Megumi-shi, Ibaraki prefecture",address
"3-10-16 Miyashita cho, Fukushima-shi, Fukushima-shi House Miyashita cho 317",address
"3-11-1 Wakatsuku cho Kita-ku, Nagoya-shi, Aichi",address
"3-18 Okura Itakura Town, Ougaku-gun, Gumma Prefecture",address
"3-2, Fono River Uenoki-cho in Kitahara-gun, Ehime Prefecture",address
"3-4-20 Shinyokochi cho, Toyama city, Toyama Prefecture",address
"3-7-7 Minami Aoyama Minato-ku, Tokyo",address
"4-10 Aika cho, Hitachi City, Ibaraki prefecture",address
"4-13 Kimikawa Tomita, Oshu, Iwate Prefecture",address
"4-14-5 Nakahira Takayama Village, Kamikitai-gun, Nagano Prefecture",address
"4-16-13 Fukusa Sasayama-cho, Fushimi-ku Kyoto City, Kyoto Prefecture",address
"4-19-16 Okazaka-cho, Tomakomai City, Hokkaido",address
"4-20 Minami-cho, Fushimi-ku, Kyoto City, Kyoto Prefecture",address
"4-5-3 Tsunoda, Tohshi City, Nagano Prefecture",address
"4-7-8 Miyazaki cho, Sasebo Nagasaki prefecture Platinum Miyazaki cho 312",address
"Aichi Prefecture 4-4-13 Takasagi-cho, Anjo Riverside Takahori Town 213",address
Akita prefecture Yokote-shi Yasumoto 1-4-19,address
Aomori prefecture Aomori city Tosaki 1-16-12 Tosaki station 114 3-20-12,address
Aomori Prefecture Kamikita-gun Tohoku-cho Moe Outsider Nogashima 3-1-7,address
Aomori Prefecture Misawa City Hosoi 1-16-14 Village Hosotani 319,address
Chiba Prefecture Nagareyama City 4-2-14 Komagai-dai Forest of Komaki-dai 200,address
Fukui Prefecture Awara City Nakagawa 2-2-18 Nakagawa Castle 104,address
Fukui Prefecture Fukui City 1-10 Ikuno-cho Maison Ikuno-machi 216,address
Fukui Prefecture Fukui City Funabashi New 4-10-5,address
Fukui prefecture Niu-gun Echizencho 3-24-3 Tsuchiya 419,address
Fukui Prefecture Obama Shimo Kocho 1-18 Kaedo Heights 305,address
Fukushima ken Fukushima-shi Yashima 3-13-14,address
Fukushima ken Hoshihara Town Boseocho 4-20 Hoshihara Machiyosecho Mansion 116,address
Fukushima Prefecture Higashi Hirakawa gun Tanagura-machi flow 3-2-11 stream Comfort 105,address
Fukushima Prefecture Minami Soma City Odaka Ward 4-3-18 Kamiyama Palace Kodaku-ku Kamiyama 407,address
"Fukushima Prefecture Onuma-gun, Aizu Misato-cho 3-0-2 Takada Doichi",address
"Gifu Prefecture 2-6 Funabashi-machi cho, Hashima-shi, Funabashi-machi cho, Village 318",address
Gunma prefecture Kiryu city 2-6-12 Higashikubata-machi Garden Higashiku-cho 409,address
Hiroshima kure Kure shi Toyotomachi 4 - 19,address
Hyogo Prefecture Sasayama City Miyashiro 4-15-5,address
Hyogo prefecture Toyooka city Izushi cho Hitomari 2-6-14 Izushi-cho Komari seaside 217,address
Hyogo Prefecture Toyooka City Izushi Town 1-13-5 Izushi Town Tadaoso Residence 103,address
Ibaraki ken Tsukuba city Middle East 4-8-9 Royal Middle East 112,address
Ibaraki prefecture Shimotsumichi Takamado 3-10-11,address
Ibaraki Prefecture Toride Shi Shimizu 3-3,address
"Ichihara-shi, Ishigami, Chiba 2-14-3",address
Ishikawa ken Nanao city Wakura cho Yo 80,address
Ishikawa ken Narita-cho 4-29-9 Narita-machi Sky 408,address
Ishikawa ken Tsubata-cho Onomon 3-16-12 The Mamon 216,address
Ishikawa Prefecture Wajima City Monzenmachi 2 - 1 - 9,address
Ishikawa Prefecture Wajima City Monzenmachi 3-6-3 Kihara Mon,address
"Kagawa Prefecture Kanonji City Toyohama cho, Himehama 3-10-14 Village Toyohama cho Himehama 401",address
"Kagoshima prefecture Oshima-gun, Ise-machi Kineni 3-13-5",address
Kamamoto Prefecture Amakusa City Castle Town 2-7 Castle Town Stage 304,address
Kamamoto Prefecture Aso-gun Sanbayama village Kamata 1-18-16 Park Kataata 101,address
Kanagawa Prefecture 4-2 Yoshikura-cho Yokosuka City Diamond Yoshikura Town 304,address
Kanagawa prefecture Miura-shi Hatsutoshimachi Shimomiyada 3-4 Hatsutoshimachi Shimomiyada Ground 414,address
"Kochi Prefecture 4-11-18 Northern Town, Kochi City Royal Palace Northern Town 312",address
Kochi Prefecture Nagaoka-gun Ootonomachi 3-18-16 Saga Mountain Saga Sanso 215,address
"Kochi Prefecture, Agawa Gun, Niigo River Town 2-13-3 Kawauchiya Residence 108",address
"Koto Ward, Tokyo 3-1-15 Buddha Sky 417",address
"Kumamoto Prefecture Kumamoto-shi Kita-ku, Shimoda-cho 1-18-10",address
Kumamoto Prefecture Yamanote-machi Shimizu 1-5-17 Suite Shin small 416,address
Kyoto Prefecture Kyoto City 1-7-13 Shimazu-machi Fushimi-ku Place Shimazu-machi 300,address
Kyoto Prefecture Kyoto-shi Sakyo-ku Iimo-ji Temple Red Ninomiya Machi 2-17 Ichonoeji Akanomiya Machi Plaza 107,address
"Kyoto-shi, Shimogyo-ku Karasumagu 7-chome Shimouru Higashi Salishoji-machi 721-1",address
Mie Prefecture Shima-shi Oyou-machi Nada 3-16,address
Mie Prefecture Yokkaichi City 4-11-12 Toboseifuku-cho Green Toeobo Fukucho 311,address
Miyagi prefecture Kuribara shi Ichinoseki 3-6-2,address
Miyagi prefecture Osaki shi Iwade mountain top Kanazawa 1-1,address
Miyagi prefecture Sendai shi city Taihaku-ku Ohnoda 4-4,address
"Miyagi prefecture Tomei City, Toyosato-cho 1-14-19 Toyosato-machi Natsutsuka Garden 314",address
Miyazaki Miyazaki Municipality Municipal Gakuen Kanbakadai 1-10-12,address
Miyazaki Prefecture Nobeoka City Kitaura Town 1-9 Mikawauchi 1 Kitaura Town Mikawauchoso 315,address
"Nagamura-ku Nagoya-ku Nagoya-shi, Aichi Prefecture Namonosei 1-13",address
Nagano Prefecture Chino City 3-2-15 Miyagawa Castle Miyagawa 119,address
Nagano Prefecture Nagano-shi Kawanakajima-cho Ueito plan 4-1-16 Castle river Nakajima cho ice top 406,address
Nagano Prefecture Nagano-shi Yasugamisato village 2-7,address
Nagasaki Prefecture Matsuura City Mikuri-cho Morning Sakaizaka 3-16-5,address
Nagasaki prefecture Unzen city Mizuho Town West Saigo 1-14-3,address
Nagasaki-shi Nagasaki prefecture 1-19 Motegi-machi Precious Mogi-machi 100,address
Nara Prefecture Ikoma-gun Hiragoncho Nishimoto 4-19-12 Stage Nishimoto 301,address
Nara Prefecture Ikoma-shi Ikoma Tadan 3-1,address
Nara Prefecture Nara City Tsukigase Ishi 2 - 19 - 20 Tsukigase Ishi Park 314,address
Nara prefecture Sakurai shi Yokisaki 1-6-17 Yokaki residence 304,address
Niigata ken Gosen building 3-12-5 Living area 3170,address
Oita Prefecture Oita Prefecture Miyakochi Highland 1-14-20,address
Oita Prefecture Usuki City Osamu Usuki 72-1,address
Oita Prefecture Yayoi Saeki 3-17-17 Yumeiuchi,address
"Okahara 2-10-7 Kawakami-cho, Takahashi-shi, Okayama-ken",address
Okayama Prefecture 2-9-9 Nakashimada Town Northern Ward Okayama City Nakashimada Town Garden 116,address
Okinawa Prefecture Kunigami gun Onna village Soraga 1-18 Segejaga apartment 400,address
Osaka Prefecture Osaka-shi Tennoji Ward 4-6-20 Kaikosato-cho Kurashiki Town Precious 102,address
Saitama Prefecture Chichibu-gun Minano-machi 3-16-13 Kami-ninzawa,address
Saitama Prefecture Kumagaya-shi Mukoya 3-1-1 Mukaya Green 204,address
Saitama-ken Saitama-shi Chuo-ku Shin Nakasato 4-6-7 Shin Nakazato Heights 417,address
"Saitama-ken, Saitama-shi Urawa Ward 1-8-7 Nishigaya",address
Shizuoka prefecture Shimada-shi Yanagicho 3-17-2 Residence Yanagicho 111,address
Shizuoka prefecture Shizuoka-shi Aoi-ku Yachiyo-cho 2-2-15 Dream Yachiyo Town 300,address
"Tokiwa Town, Kuwana City Mie Prefecture 1-14",address
Tokushima Prefecture Yoshinogawa City Yamakawa-cho 4-17-10 Kuroiwa,address
Tottori ken Iwami-gun Iwami-machi Metsuyo 2-20,address
Tottori prefecture Tottori city Kofu cho Misaki 3-16-4,address
"Toyama prefecture Nakanishi gun, Tateyama cho, Yotsuya 2-15-4 Yotsuo diamond 406",address
Toyama prefecture Nakasikawa-gun Kamiicho-cho 1-19-14 Sakae-cho Sakae City 112,address
Uwajima-shi Ehime Prefecture 4-14-7 Mikamicho Hoioka,address
Wakayama prefecture Tanabe City Kotani 2-8,address
Wakayama prefecture Wakayama city Nagayama 3-20-14,address
"Yaesu 1-chome No. 5 No. 3, Chuo-ku, Tokyo",address
Yamagata Prefecture Murayama City Shishokobahaba,address
Yamaguchi ken Mito city Mito cho 3-18 Mito cho Ota apartment 417,address
Yamaguchi Prefecture 4-7-13 Kusunomachi Iwakuni-shi Kusun cho Diamond 114,address
Yamaguchi Prefecture Sanyo Onoda City Kodomatsu 1-16 Golden Kodomatsu 107,address
Yamanashi Prefecture Kai City Daikanyin Newspaper 1-20 Danchi Shinjuku Land 103,address
Yamanashi Prefecture Kai-shi Anji 3-2-6 The Anza 116,address
Yamanashi Prefecture Kofu City Sumiyoshimoto cho,address
Yamanashi Prefecture Koshu City Katsunumachi 3-18 Higashiyama Tower Katsunuma Town Ryoshan 210,address
Yamanashi Prefecture Minami Alps Ichidajima 3-6 Tajima Golden 417,address
Yamanashi prefecture Yamanashi city Makioka cho Hayabusa 4-9-4,address
"Yamanoshita, Tohoku-cho, Aomori Prefecture 2-9-20 Yamanoshita Dream 106",address
三重県四日市市東茂福町4-11-12グリーン東茂福町311,address
三重県度会郡玉城町原1-1-17,address
三重県志摩市大王町名田3-16,address
三重県桑名市常盤町1-14,address
京都市下京区烏丸通七条下ル 東塩小路町 721-1,address
京都府京都市上京区南兼康町2-2-2,address
京都府京都市伏見区南部町4-20,address
京都府京都市伏見区島津町1-7-13プレイス島津町300,address
京都府京都市伏見区深草笹山町4-16-13,address
京都府京都市左京区一乗寺赤ノ宮町2-17一乗寺赤ノ宮町プラザ107,address
京都府京都市西京区山田庄田町1-8-13,address
佐賀県西松浦郡有田町北ノ川内2-4-17,address
兵庫県神戸市中央区小野浜町1-13-6,address
兵庫県篠山市宮代4-15-5,address
兵庫県豊岡市出石町片間2-6-14出石町片間シーサイド217,address
兵庫県豊岡市出石町田結庄1-13-5出石町田結庄レジデンス103,address
北海道苫小牧市桜坂町4-19-16,address
千葉県市原市石神2-14-3,address
千葉県成田市東和田1-6,address
千葉県流山市駒木台4-2-14駒木台の杜200,address
和歌山県和歌山市永山3-20-14,address
和歌山県田辺市小谷2-8,address
埼玉県さいたま市中央区新中里4-6-7新中里ハイツ417,address
埼玉県さいたま市浦和区針ヶ谷1-8-7,address
埼玉県熊谷市向谷3-1-1向谷グリーン204,address
埼玉県秩父郡皆野町上日野沢3-16-13,address
大分県佐伯弥生提内3-17-17,address
大分県大分市宮河内ハイランド1-14-20,address
大分県臼杵市大字臼杵72-1,address
大分県臼杵市臼杵洲崎四丁目１組,address
大阪府大阪市天王寺区空清町4-6-20空清町プレシャス102,address
奈良県奈良市月ヶ瀬石打2-19-20月ヶ瀬石打パーク314,address
奈良県桜井市横柿1-6-17横柿レジデンス304,address
奈良県生駒市生駒台南3-1,address
奈良県生駒郡平群町梨本4-19-12ステージ梨本301,address
宮城県仙台市太白区大野田4-4,address
宮城県大崎市岩出山上金沢1-1,address
宮城県栗原市一迫新米3-6-2,address
宮城県登米市豊里町七ツ塚1-14-19豊里町七ツ塚ガーデン314,address
宮崎県宮崎市学園木花台桜1-10-12,address
宮崎県延岡市北浦町三川内1-9北浦町三川内荘315,address
宮崎県延岡市行縢町2-8,address
富山県中新川郡上市町栄町1-19-14栄町シティ112,address
富山県中新川郡立山町四谷尾2-15-4四谷尾ダイヤモンド406,address
富山県富山市新横内町3-4-20,address
山口県山陽小野田市叶松1-16ゴールデン叶松107,address
山口県岩国市楠町4-7-13楠町ダイヤモンド114,address
山口県美祢市美東町大田3-18美東町大田アパート417,address
山形県村山市楯岡馬場,address
山形県鶴岡市大東町1-16-1岩手県奥州市前沢南前沢3-18-7,address
山梨県南アルプス市田島3-6田島ゴールデン417,address
山梨県山梨市牧丘町隼4-9-4,address
山梨県甲州市勝沼町菱山3-18タワー勝沼町菱山210,address
山梨県甲府市住吉本町,address
山梨県甲斐市団子新居1-20団子新居ランド103,address
山梨県甲斐市安寺3-2-6ザ安寺116,address
山梨県韮崎市穂坂町上今井2-2-6,address
岐阜県羽島市舟橋町本町2-6舟橋町本町ヴィレッジ318,address
岡山県岡山市北区中島田町2-9-9中島田町ガーデン116,address
岡山県高梁市川上町大原2-10-7,address
岩手県奥州市衣川富田4-13,address
広島県呉市豊町久比4-19,address
徳島県吉野川市山川町黒岩4-17-10,address
愛媛県北宇和郡鬼北町父野川上3-2,address
愛媛県宇和島市三間町波岡4-14-7,address
愛知県名古屋市中村区名駅南1-13,address
愛知県名古屋市北区若鶴町3-11-1,address
愛知県安城市高棚町4-4-13リバーサイド高棚町213,address
新潟県五泉市暮坪3-12-5暮坪テラス317,address
東京都中央区八重洲1-5-3,address
東京都中央区八重洲一丁目5番3号,address
東京都江東区牡丹3-1-15牡丹スカイ417,address
東京都港区南青山3-7-7,address
沖縄県国頭郡恩納村瀬良垣1-18瀬良垣アパート400,address
熊本県上益城郡山都町新小1-5-17スイート新小416,address
熊本県天草市城下町2-7城下町ステージ304,address
熊本県熊本市北区四方寄町1-18-10,address
熊本県阿蘇郡産山村片俣1-18-16パーク片俣101,address
石川県七尾市和倉町ヨ80,address
石川県小松市蛭川町2-15,address
石川県河北郡津幡町御門3-16-12ザ御門216,address
石川県白山市新田町4-19-9新田町スカイ408,address
石川県輪島市門前町木原月3-6-3,address
石川県輪島市門前町薄野2-1-9,address
神奈川県三浦市初声町下宮田3-4初声町下宮田グランド414,address
神奈川県平塚市代官町1-5-2,address
神奈川県横須賀市吉倉町4-2ダイヤモンド吉倉町304,address
福井県あわら市中川2-2-18中川キャッスル104,address
福井県丹生郡越前町頭谷3-14-3頭谷庵419,address
福井県小浜市下加斗1-18下加斗ハイツ305,address
福井県福井市生野町1-10メゾン生野町216,address
福井県福井市舟橋新4-10-5,address
福岡県福岡市城南区干隈1-1-11,address
福島県伊達市保原町豊町4-20保原町豊町マンション116,address
福島県南相馬市小高区神山4-3-18パレス小高区神山407,address
福島県大沼郡会津美里町高田道上3-20-2,address
福島県東白川郡棚倉町流3-2-11流コンフォート105,address
福島県福島市八島田3-13-14,address
福島県福島市宮下町3-10-16ハウス宮下町317,address
秋田県横手市安本1-4-19,address
群馬県前橋市南町2-15,address
群馬県桐生市東久方町2-6-12ガーデン東久方町409,address
群馬県邑楽郡板倉町大蔵3-18,address
茨城県つくば市中東4-8-9ロイヤル中東112,address
茨城県下妻市高道祖3-10-11,address
茨城県取手市紫水3-3,address
茨城県日立市相賀町4-10,address
茨城県石岡市谷向町2-4-2ハウス谷向町116,address
茨城県行方市小牧2-9-17,address
長崎県佐世保市宮崎町4-7-8プラチナ宮崎町312,address
長崎県松浦市御厨町相坂免3-16-5,address
長崎県長崎市茂木町1-19プレシャス茂木町100,address
長崎県雲仙市瑞穂町西郷辛1-14-3,address
長野県上高井郡高山村なかひら4-14-5,address
長野県東御市常田4-5-3,address
長野県茅野市宮川3-2-15キャッスル宮川119,address
長野県長野市安茂里米村2-7,address
長野県長野市川中島町上氷鉋4-1-16キャッスル川中島町上氷鉋406,address
青森県三沢市細谷1-16-14ヴィレッジ細谷319,address
青森県上北郡東北町山ノ下2-9-20山ノ下ドリーム106,address
青森県上北郡東北町萌出道ノ下3-1-7,address
青森県青森市戸崎1-16-12戸崎ステーション114 3-20-12,address
青森県黒石市竹田町2-10-13,address
静岡県島田市柳町3-17-2レジデンス柳町111,address
静岡県静岡市葵区八千代町2-2-15ドリーム八千代町300,address
香川県小豆郡土庄町馬越1-4-9,address
香川県観音寺市豊浜町姫浜3-10-14ヴィレッジ豊浜町姫浜401,address
高知県吾川郡仁淀川町川内谷2-13-3川内谷レジデンス108,address
高知県長岡郡大豊町佐賀山3-18-16佐賀山荘215,address
高知県高岡郡檮原町久保谷1-4-15,address
高知県高知市北端町4-11-18ロイヤルパレス北端町312,address
鳥取県岩美郡岩美町網代2-20,address
鳥取県鳥取市国府町美歎3-16-4,address
鹿児島県大島郡伊仙町喜念3-13-5,address
鹿児島県奄美市名瀬鳩浜町2-1-5,address
ACCESS,company
AIGエジソン生命保険,company
AOCホールディングス,company
ＡＳＴＩ,company
ECC総本部,company
ＥＭシステムズ,company
Ｅストアー,company
ＦＤＫ,company
IDEC,company
INAX,company
JALUX,company
JSAT,company
LG電子ジャパン,company
M I Eテクノ,company
MSC,company
ＮＥＣソフト,company
ＮＥＣトーキン,company
ＮＥＣフィールディング,company
NOK,company
ＮＴＮ,company
NTTコミュニケーション株式会社,company
NTTデータ,company
SCSK株式会社,company
SECカーボン,company
SFCG,company
Sky株式会社,company
ＳＭＢＣフレンド証券,company
SMC,company
ＳＭＫ,company
ＳＰＫ,company
ＳＲＡ,company
アーク,company
アークス,company
アース製薬,company
アートコーポレーション,company
アートネイチャー,company
アーバンライフ,company
アールビバン,company
アーレスティ,company
アーレスティ,company
アイ・エス・ビー,company
アイ・エックス・アイ,company
アイ・エム・アイ,company
アイ・オー・データ機器,company
アイ・ティー・エックス,company
アイ・ロジスティクス,company
アイエー,company
アイエヌジー生命保険,company
あいおい損害保険,company
アイコム,company
アイシン・エィ・ダブリュ,company
アイシン精機,company
アイチコーポレーション,company
アイデアル,company
アイティフォー,company
アイネット,company
アイピーエス,company
アイビー化粧品,company
アイフル,company
アイホン,company
アイユーケー,company
アイレックス,company
アイロム,company
アイワイバンク銀行,company
アインメディカルシステムズ,company
アオキインターナショナル,company
アキレス,company
アクサ生命保険,company
アクセル,company
アグレックス,company
アグロ カネショウ,company
アコム,company
アサクラソフト株式会社,company
アサツーディ・ケイ,company
アサヒビール,company
アサヒ飲料,company
アシード,company
あじかん,company
アシックス,company
アスカ,company
あすか製薬,company
アスキー,company
アスクル,company
アステラス製薬,company
あずみ,company
アセット・マネジャーズ,company
アツギ,company
アップガレージ,company
アップルコンピュータ,company
アディダスジャパン,company
アデコ,company
アテナ工業,company
アデランス,company
アドテック,company
アドバネクス,company
アドバンスクリエイト,company
アドバンテスト,company
アトミクス,company
アトム,company
アトラス,company
アパマンショップネットワーク,company
アビバジャパン,company
アビバジャパン,company
アビリット,company
アプラス,company
アプレック,company
アベルコ,company
アマゾンジャパン,company
アマダ,company
アマダ,company
アマテイ,company
アマノ,company
アマノ株式会社,company
あみやき亭,company
アライドテレシスホールディングス,company
アラクス,company
アリコジャパン,company
アルゴ２１,company
アルゼ,company
アルバイトタイムス,company
アルパイン,company
アルバック,company
アルビス,company
アルプス技研,company
アルプス電気,company
アロカ,company
アロン化成,company
アヲハタ,company
アンジェス MG,company
アンデルセン,company
アントイレプランナー,company
アンリツ,company
イー・アクセス,company
イー・エス・エス,company
イーオン,company
イーシー・ワン,company
イーター電機工業,company
イーピーエス,company
イエローハット,company
イオナインターナショナル,company
イオン,company
イオン,company
イオン九州,company
イカリソース,company
イクヨ,company
いすゞ自動車,company
イズミヤ,company
イソライト工業,company
イチジク製薬,company
イチヤ,company
イトーキ,company
イトーヨーカ堂,company
イノテック,company
イハラケミカル工業,company
イハラサイエンス,company
イマジニア,company
イメージワン,company
イリソ電子工業,company
イワブチ,company
インターアクション,company
インターニックス,company
インターネット　セキュリティ　システムズ,company
インターネット総合研究所,company
インテージ,company
インテック・ウェブ・アンド・ゲノム・インフォマティクス,company
インデックス,company
インテリジェンス,company
インテリジェント ウェイブ,company
インテル,company
インパクト21,company
インフォメーション クリエーティフ゛,company
インプレス,company
インボイス,company
ウィーヴ,company
ウィルソン・ラーニング ワールドワイド,company
ウイング,company
ウインテスト,company
ウエスコ,company
ウェラジャパン,company
ウシオ電機,company
ウッドランド,company
ウライ,company
エー・アンド・アイ システム,company
エー・アンド・アイ　システム,company
エー・アンド・デイ,company
エーアンドエーマテリアル,company
エーエム・ピーエム・ジャパン,company
エーザイ,company
エージーピー,company
エース,company
エースコック,company
エース交易,company
エース損害保険,company
エーティーエルシステム,company
エア・ウォータ・エモト,company
エイアンドティー,company
エイケン工業,company
エイジス,company
エイチ・アイ・エス,company
エイト日本技術開発（エイトコンサルタント）,company
エイブル,company
エイベックス・グループ・ホールディングス,company
エイボン・プロダクツ,company
エクセディ,company
エクセル,company
エコートレーディング,company
エコス,company
エス・イー・エス,company
エス・バイ・エル,company
エスアールエル,company
エスエスケイ,company
エスエス製薬,company
エスケーアイ,company
エスケイジャパン,company
エスコム,company
エステール,company
エステー化学,company
エスビーエス,company
エスフーズ,company
エスペック,company
エスラインギフ,company
エディオン,company
エドウイン,company
エナジーサポート,company
エニシル,company
エヌ・ティ・ティ・ドコモ,company
エヌアイデイ,company
エヌエス環境,company
エネサーブ,company
エノモト,company
エバタ,company
エバラ食品工業,company
エフアンドエム,company
エプコ,company
エフテック,company
エフピコ,company
エフワン,company
エポック社,company
エムオーテック,company
エムオーテックス株式会社,company
エムケー精工,company
エリアクエスト,company
エルゴ・ブレインズ,company
エルメ,company
エン・ジャパン,company
エンチョー,company
エンプラス,company
オー・エイチ・ティー,company
オーエー・システム・プラザ,company
オーエス,company
オーエスジー,company
オーエムエムジー,company
オーエムシーカード,company
オークネット,company
オークマ,company
オータケ,company
オーデリック,company
オートウェーブ,company
オートバックスセブン,company
オーナンバ,company
オーネックス,company
オーハシテクニカ,company
オーミケンシ,company
オイレス工業,company
オオゼキ,company
オザキ軽化学,company
オタフクソース,company
オッペン化粧品,company
オハヨー乳業,company
オプテックス,company
オプト,company
オムロン,company
おやつカンパニー,company
オリエンタルコンサルタンツ,company
オリエンタル建設,company
オリエンタル酵母工業,company
オリエントコーポレーション,company
オリオンビール,company
オリジン東秀,company
オリジン電気,company
オリックス,company
オリックス生命保険,company
オリバー,company
オリンパス,company
オリンピック,company
オルガノ,company
オルファ,company
オレンジフードコート,company
オンキヨー,company
オンコセラピー・サイエンス,company
オンワード樫山,company
カーディナル,company
カーマ,company
ガーラ,company
カイゲン,company
カウボーイ,company
カクダイ製菓,company
カゴメ,company
カシオマイクロニクス,company
カシオ計算機,company
カスミ,company
カテナ,company
かどや製油,company
カナデン,company
カナモト,company
カナレ電気,company
カネカ,company
カネソ,company
カネテツデリカフーズ,company
カネボウ,company
カネ美食品,company
カノークス,company
カフェグローブ・ドット・コム,company
カプコン,company
カメイ,company
カヤバ工業,company
カラカミ観光,company
ガリバーインターナショナル,company
カルソニックカンセイ,company
カルチュア・コンビニエンス・クラブ,company
カルビー,company
カルピス,company
カルラ,company
カワタ,company
カワチ薬品,company
カワニシホールディングス,company
カンダコ−ポレ−ション,company
かんなん丸,company
カンロ,company
キグナス石油,company
コクヨ北陸新潟販売株式会社,company
サイオステクノロジー株式会社,company
サイボウズ株式会社,company
シスコシステムズ合同会社,company
シチエ,company
シャープマーケティングジャパン株式会社,company
ジューテック,company
ダイキンHVACソリューション新潟株式会社,company
トレンドマイクロ株式会社,company
ピー・シー・エー株式会社,company
ピツニーボウズジャパン株式会社,company
プラス株式会社ジョインテックスカンパニー,company
リコーインダストリー株式会社,company
ヱスビー食品,company
一高たかはし,company
三井情報株式会社,company
上組,company
亀屋万年堂,company
亀田製菓,company
井村屋製菓,company
井筒八つ橋,company
井筒屋,company
亜細亜証券印刷,company
今仙電機製作所,company
伊勢丹,company
伊藤ハム,company
伊藤園,company
伊藤忠エネクス,company
伊藤忠テクノサイエンス,company
伊藤忠商事,company
伊藤忠食品,company
元旦ビューティ工業,company
兼房,company
内田洋行,company
出光興産,company
加ト吉,company
加賀電子,company
北川工業,company
北川精機,company
名機製作所,company
味の素,company
味の素ゼネラルフーヅ,company
因幡電機,company
壱番屋,company
大倉工業,company
大塚商会,company
大塚家具,company
大塚薬,company
大塚食,company
大木,company
大林組,company
大森屋,company
大関,company
大阪製,company
大隈豊和機械,company
太田胃散,company
学情,company
学生援護会,company
学習研究社,company
宇津救命丸,company
宇部マテリアルズ,company
宇部興産,company
宇野澤組鐵工所,company
安楽亭,company
家族亭,company
小倉クラッチ,company
小田原エンジニアリング,company
小田急百貨店,company
小田急電鉄,company
小野建,company
小野産業,company
小野薬品工業,company
尾家産業,company
岡三ホールディングス,company
岡村製作所,company
岡藤ビジネスサービス,company
岡谷電機産業,company
岡部,company
岡野バルブ製造,company
岩崎通信機,company
岩崎電気,company
岩田屋,company
岩谷産業,company
川上塗料,company
川口化学工業,company
川崎化成工業,company
川崎汽船,company
川崎近海汽船,company
川崎重工業,company
川本産業,company
川澄化学工業,company
川田工業,company
川辺,company
川重冷熱工業,company
川重防災工業,company
市光工業,company
応技術,company
応研株式会社,company
愛三工業,company
愛光電気,company
愛知機械工業,company
新家工業,company
日本ウェーブロックホールディングス,company
日本ヒューレット・パッカード株式会社,company
日経マシナリー株式会社,company
旭テクノグラス,company
旭化学工業,company
旭化成,company
旭屋書店,company
旭情報サービス,company
旭松食品,company
旭硝子,company
旭精機工業,company
旺文社,company
春日井製菓,company
春日電機,company
暁飯島工業,company
曙ブレーキ工業,company
有沢製作所,company
朝日ラバー,company
朝日ラバー,company
朝日工業社,company
朝日新聞社,company
朝日生命保険,company
木曽路,company
東計電算,company
柿安本店,company
栄光ゼミナール,company
栄研化学,company
株式会社BSNアイネット,company
株式会社アイビーシステム,company
株式会社イーシステム,company
株式会社イノービア,company
株式会社インテック,company
株式会社エディックワークス,company
株式会社エヌエスケイ,company
株式会社オービックビジネスコンサルタント,company
株式会社コンピューターシステム研究所,company
株式会社ジェイ・エス・エス,company
株式会社システムウェーブ,company
株式会社システムリサーチ,company
株式会社ソルメディエージ,company
株式会社ダイレクトジャパン,company
株式会社ディーエスブランド,company
株式会社ドッドウエルビー・エム・エス,company
株式会社ネオジャパン,company
株式会社プリンストン,company
株式会社ブロードリーフ,company
株式会社リコー,company
株式会社ワイズマン,company
株式会社富士通パーソナルズ,company
株式会社建設システム,company
株式会社文武堂,company
株式会社玉川堂,company
株式会社鈴木コーヒー,company
永大化工,company
江守商事,company
江崎グリコ,company
池上通信機,company
池田模範堂,company
沖電気工業,company
沖電線,company
河合楽器製作所,company
河田,company
河西工業,company
浅田飴,company
浅香工業,company
浦島海苔,company
王将フードサービス,company
石井鐵工所,company
石光商事,company
石原産業,company
石塚硝子,company
石川島播磨重工業,company
石川島運搬械株,company
磯じまん,company
福井コンピュータアーキテクト株式会社,company
福井コンピュータ株式会社,company
科研製薬,company
穴吹興産,company
花王,company
英和,company
荏原製作所,company
菊川鉄工所,company
菊正宗酒造,company
菊水化学工業,company
菊水電子工業,company
菊池プレス工業,company
菓匠三全,company
葵プロモーション,company
角川ホールディングス,company
角川書店,company
貝印,company
赤城乳業,company
赤福,company
越智産業,company
近江兄弟社,company
遠藤製作所,company
鈴木金属工業,company
関東自動車工業,company
関西ペイント,company
雲海酒造,company
青山商事,company
音通,company
飯田産業,company
魚力,company
鹿島建設,company
黄桜酒造,company
 安達 太亮,name
Agatsuma Yoshio,name
Andou Shiho,name
Aoki Natsumi,name
Aoyama Kazuko,name
Asami Masaharu,name
Doi Katsumi,name
Ezaki Keiko,name
Fukada Shouji,name
Fukunaga Mizuki,name
Furuichi Hiroe,name
Furukawa Junko,name
Furuya Mei,name
Hara Fumiyo,name
Hara Masashi,name
Hata Hiroko,name
Hayashida Yuuna,name
Hibino Hitoshi,name
Higashiyama Hideo,name
Horikoshi Akira,name
Hosoya Karen,name
Ikawa Kimiko,name
Ikeda Hina,name
Ikuta Hideo,name
Imoto Rin,name
Ishino Shizue,name
Itabashi Yasuhiko,name
Izumi Risa,name
Kan Chisaki,name
Kasai Tadayoshi,name
Kasuya Sou,name
Katagiri Kanako,name
Kawamura Yuuji,name
Kita Nana,name
Kitagawa Mako,name
Kitazawa Masatoshi,name
Komori Eiko,name
Kousaka Hitoaki,name
Kubo Mikiya,name
Kumazawa Keiji,name
Kuramoto Kazuyuki,name
Kurata Sawa,name
Kurosawa Kenji,name
Maekawa Reika,name
Maruyama Miyako,name
Matsumura Yoshio,name
Matsunaga Masanori,name
Matsuno Ryuukou,name
Matsuzaki Saaya,name
Minato Natsuki,name
Miyakawa Hideko,name
Miyauchi Aiko,name
Mizuno Takehide,name
Mochizuki Hideko,name
Mogi Mari,name
Morimoto Hinako,name
Naganuma Takumi,name
Nagasaka Yuki,name
Nagata Yuzuki,name
Nakada Kaede,name
Nakada Mayu,name
Nakajima Miyuki,name
Nakamori Takao,name
Niimura Nobuhiko,name
Nishiguchi Michiharu,name
Odaka Honoka,name
Oka Keiichi,name
Okuno Nobuhiko,name
Ookubo Shichirou,name
Ookubo Shouji,name
Oomiya Yuuna,name
Ootake Keiichi,name
Ootsubo Eizou,name
Osaka Mamoru,name
Ozawa Juri,name
Ozawa Masami,name
Sagawa Rui,name
Saitou Reiko,name
Sakai Shigeo,name
Sakakibara Karen,name
Sakamoto Masahiro,name
Sakurai Chuuzou,name
Satake Kazumi,name
Segawa Katsuya,name
Sekimoto Hiroshi,name
Shida Yoshio,name
Shimura Mari,name
Shioda Motoyoshi,name
Someya Risa,name
Sumida Haruka,name
Tachibana Kenji,name
Takahara Yuuki,name
Takami Seiichi,name
Takao Yuujirou,name
Takaoka Kaho,name
Takatsu Haruhiko,name
Takefuji Yoshiki,name
Takemoto Katsuo,name
Takemoto Mai,name
Takenaka Yuika,name
Tamaki Seiji,name
Tani Tetsurou,name
Tanigawa Kousuke,name
Taniuchi Yuzuki,name
Tashiro Ayana,name
Teramoto Aika,name
Tomioka Hiroshi,name
Tomioka Kaori,name
Tomioka Momoko,name
Tsuboi Toyoko,name
Tsuchida Akitoshi,name
Tsuchida Hina,name
Tsuchiya Mizuki,name
Uesugi Hideyuki,name
Umezawa Yuuki,name
Umino Natsumi,name
Wakayama Shinichi,name
Yagi Seiichirou,name
Yajima Riho,name
Yanagisa waSuzuka,name
Yuuki Kanji,name
アイカワ　キヨシ,name
アイダ アキラ,name
アオノ　ルナ,name
アカイ ハルヨ,name
アカマツ　ヤスマサ,name
アキヤマ ツネオ,name
アラガキ オサム,name
イイヅカ アミ,name
イザワ　スズネ,name
イシイ　マナミ,name
イシグロ タツヤ,name
イズミ カナコ,name
イタクラ マサユキ,name
イヌイ ヨシオ,name
イマムラ　ヨシユキ,name
イワイ　カオリ,name
ウダガワ　カツアキ,name
ウチノ　サトコ,name
オイカワ ヒロシゲ,name
オオイシ ノボル,name
オオクラ カズマサ,name
オオタケ　リュウタ,name
オオヤ　シンペイ,name
オチ ヒロアキ,name
カザマ　アヤ,name
かたせ 梨乃,name
カタヤマ　アミ,name
カドタ　トシコ,name
カネコ　コウキチ,name
カワイ ケイコ,name
カワウチ　アヤナ,name
カワゴエ　タカオ,name
カワシマ　トシオ,name
カン テツオ,name
キタダ タケト,name
キハラ　ミオ,name
クサノ アヤカ,name
クマクラ ノゾミ,name
クリタ アキノリ,name
クリハラ ノリヒロ,name
クロイワ　ノブヒコ,name
クロサワ　ヨウイチ,name
コウベ トシオ,name
サガワ　ユウ,name
サワダ ケンタ,name
シイナ ワタル,name
シオダ　ナオ,name
シガ タカオ,name
シバヤマ　ケイイチ,name
シバヤマ　ヒロユキ,name
シブヤ ヒロユキ,name
シマムラ コウイチロウ,name
シンドウ　トシオ,name
スエヨシ マサトシ,name
スギタ　マオ,name
スギムラ　ヨシオ,name
セキネ　キンジ,name
ソメヤ ミレイ,name
タカオ　リサ,name
タケハラ ユイ,name
タザワ ユキコ,name
タジマ　ヒサオ,name
タジリ ノブアキ,name
タドコロ　ナツミ,name
タニガワ　ノブヒロ,name
タニムラ ハナ,name
タマイ カズオ,name
タマキ アヤナ,name
タワラ　ユミ,name
ツジモト　ユキコ,name
ツユキ ハルエ,name
テラオ　ナツミ,name
トミタ　キヨシ,name
トリイ　ヒロコ,name
ナイトウ アキオ,name
ナカオ トメコ,name
ナカモリ　アイカ,name
ナガヤ　チエ,name
ニイムラ　トモコ,name
ニシグチ ユウリ,name
ニシノ　タカシ,name
ニシヤマ ヒロノブ,name
ノジマ　クニヒト,name
ノハラ ゼンイチ,name
ハギワラ　クニオ,name
ハシグチ ナツミ,name
ヒガシノ　オトハ,name
ヒラオカ フウカ,name
フジザキ　キイチ,name
フナキ　コウゾウ,name
ホウジョウ　ユキ,name
ホリエ　マサコ,name
マエノ　サナ,name
マキノ フウカ,name
マツカワ　ヒデヒコ,name
マツザキハルカ,name
マツシマ ユキエ,name
マツノ シノ,name
ミサワ シゲル,name
ミヤモト ハルナ,name
ムラオカ　アイナ,name
モトムラ　ユウジ,name
モトヤマ ミホコ,name
モモセ ミチヨ,name
ヤスカワ　ミツオ,name
ヤナセ　キミ,name
ヤブキ　アキ,name
ヤマネ テツシ,name
ヤマワキ カリン,name
ユウキ　キヨミ,name
ヨシムラ　マサヨシ,name
一杉　円,name
三國 連太郎,name
三条　梨加,name
三浦 友和,name
三浦 春馬,name
三浦 翔平,name
三石　莉佳子,name
三箇　恵里佳,name
上川隆也,name
上戸 彩,name
上白石 萌音,name
上野 樹里,name
下尾　晴菜,name
下尾　美緒,name
中井 貴一,name
中尾 彬,name
中尾 明慶,name
中川 大志,name
中村 玉緒,name
中村 蒼,name
中谷 美紀,name
中越 典子,name
二階堂 ふみか,name
井上 真央,name
井元　知貴,name
今屋　夏生,name
今達　晃成,name
仲 里依紗,name
仲代 達矢,name
仲村 トオル,name
仲間 由紀恵,name
伊佐　有哉,name
伊勢　駿一,name
伊勢谷 友介,name
伊原 剛志,name
伊藤 歩,name
伊藤 淳史,name
伊藤 英明,name
伊達　陽向,name
佐々木 希,name
佐々木 蔵之介,name
佐藤 健,name
佐藤 浩市,name
佐藤 隆太,name
倉科 カナ,name
光本　恵理子,name
児玉 清,name
八千草 薫,name
八木 優希,name
具志　安那,name
内山　夏樹,name
内山 理名,name
内田 有紀,name
内野 聖陽,name
剛力 彩芽,name
加山 雄三,name
加瀬 亮,name
加藤 あい,name
加藤 清史郎,name
加藤 雅也,name
加賀 まりこ,name
勝地 涼,name
北乃 きい,name
北大路 欣也,name
北川 景子,name
北村 一輝,name
千葉 真一,name
千葉 雄大,name
南沢 奈央,name
原田 知世,name
原竹　貴幸,name
及川 光博,name
反町 隆史,name
古手川 祐子,name
古手川 祐子,name
古田 新太,name
古谷 一行,name
各務　浩平,name
吉場　千恵美,name
吉岡 秀隆,name
吉岡 里帆,name
吉橋　虹歩,name
吉永 小百合,name
吉沢 亮,name
吉瀬 美智子,name
吉田 羊,name
吉高 由里子,name
向井 理,name
吹石 一恵,name
和久井 映見,name
哀川 翔,name
唐沢 寿明,name
国仲 涼子,name
土屋 太鳳,name
坂井 真紀,name
坂口 憲二,name
坂野　かなえ,name
垣添　卓,name
堀北 真希,name
堅木　匠海,name
堤 真一,name
堺 雅人,name
塚本 高史,name
夏川 結衣,name
夏目 雅子,name
外薗　優也,name
多部 未華,name
大原 櫻子,name
大友　政宏,name
大塚 寧々,name
大後 寿々花,name
大政 絢,name
大杉 漣,name
大杉 漣,name
大東 駿介,name
大森 南朋,name
大橋 のぞみ,name
大沢 たかお,name
大泉 洋,name
大竹 しのぶ,name
大須賀　春奈,name
天海 祐希,name
奥田 瑛二,name
奥納　彩衣,name
妻夫木 聡,name
宇津井 健,name
安田 成美,name
安達 祐実,name
安食　圭司,name
室井 滋,name
宮地 真緒,name
宮崎 あおい,name
宮崎　あゆ美,name
宮嵜　広志,name
宮沢 りえ,name
宮藤 官九郎,name
家室　希海,name
家山　賢司,name
富永　文音,name
富田 靖子,name
寺島 進,name
寺田 心,name
小出 恵介,name
小島 藤子,name
小松 菜奈,name
小林 旭,name
小林 星蘭,name
小林 稔侍,name
小林 聡美,name
小栗 旬,name
小泉 孝太郎,name
小澤 征悦,name
小西 真奈美,name
小針　綾乃,name
尾形　武志,name
尾野 真千子,name
尾高　彰宏,name
山口 智子,name
山崎 努,name
山崎 賢人,name
山本 耕史,name
山本 裕典,name
山瀬　久志,name
山田 孝之,name
山神　治,name
山越　秀哉,name
岡本 玲,name
岡田 将生,name
岡田 眞澄,name
岡田 義徳,name
岩下 志麻,name
岩坪　祥吾,name
岩城　雅浩,name
岩堀　良美,name
岸本 加世子,name
岸谷 五郎,name
川上 麻衣子,name
川口 春奈,name
川島 海荷,name
市原 隼人,name
市川 実和子,name
市川 実日子,name
市川 由衣,name
市村 正親,name
帰山　康生,name
常盤 貴子,name
平岡 祐太,name
平泉 成,name
広末 涼子,name
広瀬 すず,name
弓　知加,name
役所 広司,name
後瀬　安希子,name
後野　敬之,name
忍成 修吾,name
志田 未来,name
忽那 汐里,name
成宮 寛貴,name
成海 璃子,name
戸田 恵梨香,name
戸田 菜穂,name
手塚 理美,name
斉藤 由貴,name
斎藤 工,name
新垣 結衣,name
新田 真剣佑,name
早瀬　一,name
早野　駿太,name
星野 真里,name
春名 風花,name
有村 架純,name
有森 也実,name
有留　宏斗,name
木村 佳乃,name
木村 多江,name
木村 文乃,name
本上 まなみ,name
本仮屋 ユイカ,name
本田 望結,name
本田 翼,name
本郷 奏多,name
杉 良太郎,name
杉本 哲太,name
東 幹久,name
松 たか子,name
松下 奈緒,name
松下 由樹,name
松坂 慶子,name
松坂 桃李,name
松山 ケンイチ,name
松嶋 菜々子,name
松平 健,name
松方 弘樹,name
松田 優作,name
松田 翔太,name
松田 龍平,name
松重 豊,name
松雪 泰子,name
板垣　圭一,name
林 遣都,name
柄本 明,name
染谷 将太,name
柳楽 優弥,name
柳葉 敏郎,name
柴田 恭兵,name
栗山 千明,name
桐谷 健太,name
桐谷 美玲,name
桜庭 ななみ,name
梅宮 辰夫,name
森山 未來,name
森迫 永依,name
椎名 桔平,name
榮倉 奈々,name
樋口 可南子,name
橋本 愛,name
檀 れい,name
武井 咲,name
武田 鉄矢,name
比嘉 愛未,name
水嶋 ヒロ,name
水川 あさみ,name
水谷 豊,name
水野 美紀,name
永作 博美,name
永瀬 正敏,name
江口 洋介,name
江角 マキコ,name
池松 壮亮,name
池脇 千鶴,name
沢口 靖子,name
沢尻 エリカ,name
沢村 一樹,name
津川 雅彦,name
浅利 陽介,name
浅野 忠信,name
深津 絵里,name
深田 恭子,name
渡 哲,name
渡辺 謙,name
渡部 篤郎,name
渥美 清,name
満島 ひかり,name
溝端 淳平,name
滝沢 沙織,name
濱田 岳,name
濱田 龍臣,name
瀧本 美織,name
瀬戸 康史,name
瀬戸 朝香,name
照井　恵利子,name
熊倉　紅葉,name
片岡 鶴太郎,name
牧瀬 里穂,name
玉山 鉄二,name
玉木 宏,name
瑛太,name
田中 美佐子,name
田中 裕子,name
田中 邦衛,name
田中 麗奈,name
田村 正和,name
田畑 智子,name
田辺 誠一,name
由美 かおる,name
甲州　恵理,name
白石 美帆,name
相武 紗季,name
真木 よう子,name
真田 広之,name
真矢 みき,name
矢田 亜希子,name
石井 萌々果,name
石原 さとみ,name
石原 裕次郎,name
石田 ゆり子,name
石田 純一,name
石黒 賢,name
神山　梨夏,name
神木 隆之介,name
神田 正輝,name
福士 蒼汰,name
福田 沙紀,name
福田 麻由子,name
稲森 いずみ,name
窪田 正孝,name
竹下 景子,name
竹内 結子,name
竹野内 豊,name
笹野 高史,name
筒井 道隆,name
篠原 涼子,name
米倉 涼子,name
粟根　雄士,name
細井　いづみ,name
紺野 まひる,name
綾瀬 はるか,name
綾野 剛,name
緒形 拳,name
緒形 直人,name
織田 裕二,name
美山 加恋,name
能年 玲奈,name
臼田 あさ美,name
舘 ひろし,name
舘山　真耶,name
芦名 星,name
芦田 愛菜,name
花房　由貴子,name
花本　達成,name
苅部　健次,name
草刈 正雄,name
菅原 文太,name
菅原　章子,name
菅野 美穂,name
菊地 凛子,name
菊屋　順一,name
蒼井 優,name
薬師丸 ひろ子,name
藤 竜也,name
藤原 竜也,name
藤原 紀香,name
藤木 直人,name
藤谷 美和子,name
蟹江 敬三,name
西内 まりや,name
西島 秀俊,name
西村 雅彦,name
西田 尚美,name
西田 敏行,name
要 潤,name
観月 ありさ,name
谷 花音,name
谷原 章介,name
谷村 美月,name
豊原 功補,name
豊川 悦司,name
貫地谷 しほり,name
赤塚　沙季,name
越後　樹里亜,name
足立 梨花,name
近本　舞佳,name
近藤 孔明,name
遠藤 憲一,name
釈 由美子,name
里見 浩太朗,name
野崎　孝裕,name
野際 陽子,name
鈴木 京香,name
鈴木 亮平,name
鈴木 保奈美,name
鈴木 杏樹,name
鈴木 福,name
長塚 京三,name
長澤 まさみ,name
長谷川 京子,name
長谷川 博己,name
門脇 麦,name
阿木 燿子,name
阿部 サダヲ,name
阿部 寛,name
陣内 孝則,name
青木 崇高,name
須賀 健太,name
風間 杜夫,name
飯島 直子,name
香川 照之,name
香椎 由宇,name
高倉 健,name
高倉　紗羽,name
高原　一騎,name
高岡 奏輔,name
高島 礼子,name
高川　真梨恵,name
高橋 克典,name
高橋 由美子,name
高橋 英樹,name
高畑 充希,name
高良 健吾,name
鴫原　政樹,name
鶴田 真由,name
鶴見 辰吾,name
鹿賀 丈史,name
麻生 久美子,name
黒木 メイサ,name
黒木 瞳,name
黒木 華,name
黒須　真尋,name
0176751193,phone number
0231441079,phone number
0231441079,phone number
0231441080,phone number
0231441080,phone number
0231441081,phone number
0231441081,phone number
0231441082,phone number
0231441082,phone number
0231441083,phone number
0231441083,phone number
0231441084,phone number
0231441085,phone number
0231441086,phone number
0231441087,phone number
0231441088,phone number
0231441089,phone number
0231441090,phone number
0231441091,phone number
0231441092,phone number
0231441093,phone number
0231441094,phone number
0231441095,phone number
0248566444,phone number
0263596228,phone number
0269627326,phone number
0269627327,phone number
0269627328,phone number
0269627329,phone number
0269627330,phone number
0269627331,phone number
0317828805,phone number
0339654505,phone number
0339654506,phone number
0339654507,phone number
0339654508,phone number
0339654509,phone number
0339654510,phone number
0339654511,phone number
0339654512,phone number
0339654513,phone number
0339654514,phone number
0339654515,phone number
0339654516,phone number
0339654517,phone number
0339654518,phone number
0339654519,phone number
0339654520,phone number
0339654521,phone number
0339654522,phone number
0339654523,phone number
0339654524,phone number
0339654525,phone number
0339654526,phone number
0339654527,phone number
0339654528,phone number
0339654529,phone number
0339654530,phone number
0339654531,phone number
0339654532,phone number
0339654533,phone number
0339654534,phone number
0339654535,phone number
0339654536,phone number
0339654537,phone number
0339654538,phone number
0339654539,phone number
0339654540,phone number
044125111,phone number
0497386948,phone number
0525014405,phone number
0525305596,phone number
0525305597,phone number
0525305598,phone number
0525305599,phone number
0525305600,phone number
0525305601,phone number
0525305602,phone number
0525305603,phone number
0525305604,phone number
0525305605,phone number
0525305606,phone number
0525305607,phone number
0525305608,phone number
0558228612,phone number
0740588976,phone number
0744040624,phone number
0744040624,phone number
0744040625,phone number
0744040626,phone number
0744040627,phone number
0744040628,phone number
0744040629,phone number
0744040630,phone number
0744040631,phone number
0744040632,phone number
0744040633,phone number
0744040634,phone number
0744040635,phone number
0744040636,phone number
0744040637,phone number
0744040638,phone number
0744040639,phone number
0744040640,phone number
0744040641,phone number
0744040642,phone number
0744040643,phone number
0744040644,phone number
0744040645,phone number
0744040646,phone number
0744040647,phone number
0744040648,phone number
0744040649,phone number
0744040650,phone number
0744040651,phone number
0744040652,phone number
0744040653,phone number
0744040654,phone number
0744040655,phone number
076378471,phone number
077183176070,phone number
0783773484,phone number
0783773485,phone number
0783773486,phone number
0783773487,phone number
0787429310,phone number
0840783639,phone number
0840783640,phone number
0840783641,phone number
0840783642,phone number
0840783643,phone number
0840783644,phone number
0840783645,phone number
0840783646,phone number
0840783647,phone number
0840783648,phone number
0840783649,phone number
0840783650,phone number
0840783651,phone number
0840783652,phone number
0840783653,phone number
0840783654,phone number
0840783655,phone number
0840783656,phone number
0840783657,phone number
0840783658,phone number
0840783659,phone number
0840783660,phone number
0840783661,phone number
088551594,phone number
0892525382,phone number
0922111588,phone number
0922111589,phone number
0956843675,phone number
0959940002,phone number
0963092718,phone number
0963092718,phone number
0963092719,phone number
0963092720,phone number
0963092721,phone number
0963092722,phone number
0963092723,phone number
0963092724,phone number
0963092725,phone number
0963092726,phone number
0963092727,phone number
0963092728,phone number
0964149252,phone number
0964149253,phone number
0964149254,phone number
0964149255,phone number
0964149256,phone number
0964149257,phone number
0964149258,phone number
0964149259,phone number
0964149260,phone number
0964149261,phone number
0964149262,phone number
0964149263,phone number
0964149264,phone number
0964149265,phone number
0964149266,phone number
0964149267,phone number
0964149268,phone number
0964149269,phone number
0988069697,phone number
0988069698,phone number
0988069699,phone number
0988069700,phone number
0988069701,phone number
0988069702,phone number
0988069703,phone number
0988069704,phone number
0988069705,phone number
0988069706,phone number
0988069707,phone number
0988069708,phone number
0988069709,phone number
0988069710,phone number
0988069711,phone number
0988069712,phone number
0988069713,phone number
0988069714,phone number
0988069715,phone number
FAX 0323472325,phone number
FAX 0323472326,phone number
FAX 0323472327,phone number
FAX 0323472328,phone number
FAX 0323472329,phone number
FAX 0323472330,phone number
FAX 0323472331,phone number
FAX 0323472332,phone number
FAX 0323472333,phone number
FAX 0323472334,phone number
FAX 0323472335,phone number
FAX 0323472336,phone number
FAX 0323472337,phone number
FAX 0323472338,phone number
FAX 0323472339,phone number
FAX 0323472340,phone number
FAX 0323472341,phone number
FAX 0323472342,phone number
FAX 0323472343,phone number
FAX 0323472344,phone number
MOBILE 0176751207,phone number
MOBILE 0176751208,phone number
MOBILE 0176751209,phone number
MOBILE 0176751210,phone number
MOBILE 0176751211,phone number
MOBILE 0176751212,phone number
MOBILE 0176751213,phone number
MOBILE 0176751214,phone number
MOBILE 0176751215,phone number
MOBILE 0176751216,phone number
MOBILE 0176751217,phone number
MOBILE 0176751218,phone number
MOBILE 0176751219,phone number
MOBILE 0176751220,phone number
MOBILE 0176751221,phone number
MOBILE 0176751222,phone number
MOBILE 0176751223,phone number
MOBILE 0176751224,phone number
MOBILE 0176751225,phone number
MOBILE 0176751226,phone number
MOBILE 0176751227,phone number
MOBILE 0176751228,phone number
MOBILE 0176751229,phone number
MOBILE 0176751230,phone number
MOBILE 0176751231,phone number
MOBILE 0176751232,phone number
PHONE 0176751233,phone number
PHONE 0176751234,phone number
PHONE 0176751235,phone number
PHONE 0176751236,phone number
PHONE 0176751237,phone number
PHONE 0176751238,phone number
PHONE 0176751239,phone number
PHONE 0176751240,phone number
PHONE 0176751241,phone number
PHONE 0176751242,phone number
PHONE 0176751243,phone number
PHONE 0176751244,phone number
PHONE 0176751245,phone number
PHONE 0176751246,phone number
PHONE 0176751247,phone number
PHONE 0176751248,phone number
PHONE 0176751249,phone number
PHONE 0176751250,phone number
PHONE 0176751251,phone number
PHONE 0176751252,phone number
PHONE 0176751253,phone number
PHONE 0176751254,phone number
PHONE 0176751255,phone number
PHONE 0176751256,phone number
PHONE 0176751257,phone number
PHONE 0176751258,phone number
PHONE 0176751259,phone number
PHONE 0176751260,phone number
PHONE 0176751261,phone number
PHONE 0176751262,phone number
PHONE 0176751263,phone number
PHONE 0176751264,phone number
PHONE 0176751265,phone number
PHONE 0176751266,phone number
PHONE 0176751267,phone number
PHONE 0176751268,phone number
PHONE 0176751269,phone number
PHONE 0176751270,phone number
PHONE 0176751271,phone number
PHONE 0176751272,phone number
PHONE 0176751273,phone number
PHONE 0176751274,phone number
PHONE 0176751275,phone number
PHONE 0176751276,phone number
PHONE 0176751277,phone number
PHONE 0176751278,phone number
PHONE 0176751279,phone number
PHONE 0176751280,phone number
PHONE 0176751281,phone number
PHONE 0176751282,phone number
PHONE 0176751283,phone number
PHONE 0176751284,phone number
PHONE 0176751285,phone number
Phone 0339654498,phone number
Phone 0339654499,phone number
Phone 0339654500,phone number
Phone 0339654501,phone number
Phone 0339654502,phone number
Phone 0339654503,phone number
Phone 0339654504,phone number
Phone 0339654505,phone number
Phone 0339654506,phone number
Phone 0339654507,phone number
Phone 0339654508,phone number
Phone 0339654509,phone number
Phone 0339654510,phone number
Phone 0339654511,phone number
Phone 0339654512,phone number
Phone 0339654513,phone number
Phone 0339654514,phone number
Phone 0339654515,phone number
Phone 0339654516,phone number
Phone 0339654517,phone number
Phone 0339654518,phone number
Phone 0339654519,phone number
Phone 0339654520,phone number
Phone 0339654521,phone number
Phone 0339654522,phone number
Phone 0339654523,phone number
Phone 0339654524,phone number
Phone 0339654525,phone number
Tel 0176751193,phone number
Tel 0176751194,phone number
Tel 0176751195,phone number
Tel 0176751196,phone number
Tel 0176751197,phone number
Tel 0176751198,phone number
Tel 0176751199,phone number
Tel 0176751200,phone number
Tel 0176751201,phone number
Tel 0176751202,phone number
Tel 0176751203,phone number
Tel 0176751204,phone number
Tel 0176751205,phone number
Tel 0176751206,phone number
TEL 0323472345,phone number
TEL 0323472346,phone number
TEL 0323472347,phone number
TEL 0323472348,phone number
TEL 0323472349,phone number
TEL 0323472350,phone number
TEL 0323472351,phone number
TEL 0323472352,phone number
TEL 0323472353,phone number
TEL 0323472354,phone number
TEL 0323472355,phone number
TEL 0323472356,phone number
TEL 0323472357,phone number
TEL 0323472358,phone number
TEL 0323472359,phone number
TEL 0323472360,phone number
TEL 0323472361,phone number
TEL 0323472362,phone number
TEL 0323472363,phone number
TEL 0323472364,phone number
TEL 0323472365,phone number
TEL 0323472366,phone number
TEL 0323472367,phone number
TEL 0323472368,phone number
TEL 0323472369,phone number
TEL 0323472370,phone number
TEL 0323472371,phone number
TEL 0323472372,phone number
TEL 0323472373,phone number
TEL 0323472374,phone number
TEL 0323472375,phone number
TEL 0323472376,phone number
TEL 0323472377,phone number
TEL 0323472378,phone number
TEL 0323472379,phone number
ファックス　0783773488,phone number
ファックス　0783773489,phone number
ファックス　0783773490,phone number
ファックス　0783773491,phone number
ファックス　0783773492,phone number
ファックス　0783773493,phone number
ファックス　0783773494,phone number
ファックス　0783773495,phone number
ファックス　0783773496,phone number
ファックス　0783773497,phone number
ファックス　0783773498,phone number
ファックス　0783773499,phone number
ファックス　0783773500,phone number
ファックス　0783773501,phone number
ファックス　0783773502,phone number
ファックス　0783773503,phone number
ファックス　0783773504,phone number
ファックス　0783773505,phone number
ファックス　0783773506,phone number
ファックス　0783773507,phone number
ファックス　0783773508,phone number
携帯　0922111590,phone number
携帯　0922111591,phone number
携帯　0922111592,phone number
携帯　0922111593,phone number
携帯　0922111594,phone number
携帯　0922111595,phone number
携帯　0922111596,phone number
携帯　0922111597,phone number
携帯　0922111598,phone number
携帯　0922111599,phone number
携帯　0922111600,phone number
携帯　0922111601,phone number
携帯　0922111602,phone number
携帯　0922111603,phone number
携帯　0922111604,phone number
携帯　0922111605,phone number
携帯　0922111606,phone number
携帯　0922111607,phone number
携帯　0922111608,phone number
携帯　0922111609,phone number
電話　0968731613,phone number
電話　0968731614,phone number
電話　0968731615,phone number
電話　0968731616,phone number
電話　0968731617,phone number
電話　0968731618,phone number
電話　0968731619,phone number
電話　0968731620,phone number
電話　0968731621,phone number
電話　0968731622,phone number
電話　0968731623,phone number
電話　0968731624,phone number
電話番号　0791297568,phone number
電話番号　0791297569,phone number
電話番号　0791297570,phone number
電話番号　0791297571,phone number
電話番号　0791297572,phone number
電話番号　0791297573,phone number
電話番号　0791297574,phone number
電話番号　0791297575,phone number
電話番号　0791297576,phone number
電話番号　0791297577,phone number
電話番号　0791297578,phone number
電話番号　0791297579,phone number
電話番号　0791297580,phone number
電話番号　0791297581,phone number
電話番号　0791297582,phone number
電話番号　0791297583,phone number
電話番号　0791297584,phone number
電話番号　0791297585,phone number
電話番号　0791297586,phone number
Administrative Manager,position
Assistant,position
Auditor,position
Auditor,position
Board Chairman,position
Branch Chief,position
CEO,position
CFO,position
Chairman,position
Chairperson,position
Chief Exective Officer,position
Chief Financial Officer,position
Chief Information Officer,position
Chief Operating Officer,position
CIO,position
CLO,position
CMO,position
Consultant,position
COO,position
Corporate Officer,position
Counselor,position
CTO,position
director,position
Executive Adviser,position
Executive Vice President,position
Financial Director,position
General Manager,position
Intern,position
Managing Director,position
officer,position
Outside Director,position
President,position
Representative Director,position
Senior Adviser,position
Senior Managing Director,position
Senior Vice President,position
Staff,position
Trainee,position
Vice Chairperson,position
アシスタント,position
アシスタントマネージャー,position
インターン,position
グループリーダー,position
グループ長,position
サブリーダー,position
シニアマネージャー,position
ゼネラルマネージャー,position
チーフ,position
チームリーダー,position
マネジャー,position
リーダー,position
上席執行役員,position
主任,position
主幹,position
主幹,position
主査,position
主査,position
代表取締役,position
代表取締役,position
代表取締役社長,position
代表執行役社長,position
会長,position
係長,position
副会長,position
副局長,position
副本部長,position
副社長,position
副部長,position
助手,position
参与,position
取締役,position
取締役会長,position
取締役社長,position
名誉会長,position
営業部長,position
執行役員,position
室長,position
室長代理,position
専務,position
専務取締役,position
局長,position
工場長,position
常務,position
常務取締役,position
平社員,position
役員,position
従業員,position
支店長,position
支社長,position
最高執行責任者,position
最高情報責任者,position
最高経営責任者,position
最高財務責任者,position
最高顧問,position
本部長,position
次長,position
班長,position
理事長,position
相談役,position
研修生,position
社員,position
社長,position
総務部長,position
補佐,position
見習い,position
課長,position
課長代理,position
課長補佐,position
財務部長,position
部員,position
部長,position
部長代理,position
頭取,position
顧問,position
〒100-0006,postal code
〒100-0006,postal code
〒100-0007,postal code
〒100-0008,postal code
〒100-0009,postal code
〒100-0010,postal code
〒100-0011,postal code
〒100-0012,postal code
〒100-0013,postal code
〒100-0014,postal code
〒100-0015,postal code
〒100-0016,postal code
〒100-0017,postal code
〒100-0018,postal code
〒100-0019,postal code
〒100-0020,postal code
〒100-0021,postal code
〒100-0022,postal code
〒100-0023,postal code
〒100-0024,postal code
〒100-0025,postal code
〒100-0026,postal code
〒100-0027,postal code
〒100-0028,postal code
〒100-0029,postal code
〒100-0030,postal code
〒100-0031,postal code
〒100-0032,postal code
〒100-0033,postal code
〒100-0034,postal code
〒100-0035,postal code
〒100-0036,postal code
〒100-0037,postal code
〒100-0038,postal code
〒100-0039,postal code
〒100-0040,postal code
〒100-0041,postal code
〒100-0042,postal code
〒100-0043,postal code
〒100-0044,postal code
〒100-0045,postal code
〒100-0046,postal code
〒100-0047,postal code
〒100-0048,postal code
〒100-0049,postal code
〒100-0050,postal code
〒100-0051,postal code
〒100-0052,postal code
〒100-0053,postal code
〒100-0054,postal code
〒100-0055,postal code
〒100-0056,postal code
〒100-0057,postal code
〒100-0058,postal code
〒100-0059,postal code
〒100-0060,postal code
〒100-0061,postal code
〒100-0062,postal code
〒100-0063,postal code
〒100-0064,postal code
〒100-0065,postal code
〒100-0066,postal code
〒100-0067,postal code
〒100-0068,postal code
〒100-0069,postal code
〒100-0070,postal code
〒100-0071,postal code
〒100-0072,postal code
〒100-0073,postal code
〒100-0074,postal code
〒100-0075,postal code
〒100-0076,postal code
〒100-0077,postal code
〒100-0078,postal code
〒100-0079,postal code
〒100-0080,postal code
〒100-0081,postal code
〒100-0082,postal code
〒100-0083,postal code
〒100-0084,postal code
〒100-0085,postal code
〒100-0086,postal code
〒100-0087,postal code
〒100-0088,postal code
〒231-0063,postal code
〒313-0047,postal code
〒382-0836,postal code
〒409-3103,postal code
〒691-0043,postal code
〒814-0177,postal code
〒898-0088,postal code
〒898-0088,postal code
〒898-0089,postal code
〒898-0090,postal code
〒898-0091,postal code
〒898-0092,postal code
〒898-0093,postal code
〒898-0094,postal code
〒898-0095,postal code
〒898-0096,postal code
〒898-0097,postal code
〒898-0098,postal code
〒898-0099,postal code
〒898-0100,postal code
〒898-0101,postal code
〒898-0102,postal code
〒898-0103,postal code
〒898-0104,postal code
〒898-0105,postal code
〒898-0106,postal code
〒898-0107,postal code
〒898-0108,postal code
〒898-0109,postal code
〒898-0110,postal code
〒898-0111,postal code
〒898-0112,postal code
〒898-0113,postal code
〒898-0114,postal code
〒898-0115,postal code
〒898-0116,postal code
〒898-0117,postal code
〒898-0118,postal code
〒898-0119,postal code
〒898-0120,postal code
〒898-0121,postal code
〒898-0122,postal code
〒898-0123,postal code
〒898-0124,postal code
〒898-0125,postal code
〒898-0126,postal code
〒898-0127,postal code
〒898-0128,postal code
〒898-0129,postal code
〒898-0130,postal code
〒898-0131,postal code
〒898-0132,postal code
〒898-0133,postal code
〒898-0134,postal code
〒898-0135,postal code
〒898-0136,postal code
〒898-0137,postal code
〒898-0138,postal code
〒898-0139,postal code
〒898-0140,postal code
〒898-0141,postal code
〒898-0142,postal code
〒898-0143,postal code
〒898-0144,postal code
〒898-0145,postal code
〒898-0146,postal code
〒898-0147,postal code
〒898-0148,postal code
〒898-0149,postal code
〒898-0150,postal code
〒898-0151,postal code
〒898-0152,postal code
〒898-0153,postal code
〒898-0154,postal code
〒898-0155,postal code
〒898-0156,postal code
〒898-0157,postal code
〒898-0158,postal code
〒898-0159,postal code
〒898-0160,postal code
〒898-0161,postal code
〒898-0162,postal code
〒898-0163,postal code
〒898-0164,postal code
〒898-0165,postal code
〒898-0166,postal code
〒898-0167,postal code
〒898-0168,postal code
〒898-0169,postal code
〒898-0170,postal code
〒898-0171,postal code
〒898-0172,postal code
〒898-0173,postal code
〒898-0174,postal code
〒898-0175,postal code
〒898-0176,postal code
〒898-0177,postal code
〒898-0178,postal code
〒898-0179,postal code
〒898-0180,postal code
〒918-8012,postal code
〒930-3211,postal code
〒930-3211,postal code
〒930-3212,postal code
〒930-3213,postal code
〒930-3214,postal code
〒930-3215,postal code
〒930-3216,postal code
〒930-3217,postal code
〒930-3218,postal code
〒930-3219,postal code
〒930-3220,postal code
〒930-3221,postal code
〒930-3222,postal code
〒930-3223,postal code
〒930-3224,postal code
〒930-3225,postal code
〒930-3226,postal code
〒930-3227,postal code
〒930-3228,postal code
〒930-3229,postal code
〒930-3230,postal code
〒930-3231,postal code
〒930-3232,postal code
〒930-3233,postal code
〒930-3234,postal code
〒930-3235,postal code
〒930-3236,postal code
〒930-3237,postal code
〒930-3238,postal code
〒930-3239,postal code
〒930-3240,postal code
〒930-3241,postal code
〒930-3242,postal code
〒930-3243,postal code
〒930-3244,postal code
〒930-3245,postal code
〒930-3246,postal code
〒930-3247,postal code
〒930-3248,postal code
〒930-3249,postal code
〒930-3250,postal code
〒930-3251,postal code
〒930-3252,postal code
〒930-3253,postal code
〒930-3254,postal code
〒930-3255,postal code
〒930-3256,postal code
〒930-3257,postal code
〒930-3258,postal code
〒930-3259,postal code
〒930-3260,postal code
〒930-3261,postal code
〒930-3262,postal code
〒930-3263,postal code
〒930-3264,postal code
〒930-3265,postal code
〒930-3266,postal code
〒930-3267,postal code
〒930-3268,postal code
〒930-3269,postal code
〒930-3270,postal code
〒930-3271,postal code
〒930-3272,postal code
〒930-3273,postal code
〒930-3274,postal code
〒930-3275,postal code
〒930-3276,postal code
〒930-3277,postal code
〒930-3278,postal code
〒930-3279,postal code
〒930-3280,postal code
〒930-3281,postal code
〒930-3282,postal code
〒976-0011,postal code
〒976-0011,postal code
〒976-0012,postal code
〒976-0013,postal code
〒976-0014,postal code
〒976-0015,postal code
〒976-0016,postal code
〒976-0017,postal code
〒976-0018,postal code
〒976-0019,postal code
〒976-0020,postal code
〒976-0021,postal code
〒976-0022,postal code
〒976-0023,postal code
〒976-0024,postal code
〒976-0025,postal code
〒976-0026,postal code
〒976-0027,postal code
〒976-0028,postal code
〒976-0029,postal code
〒976-0030,postal code
〒976-0031,postal code
〒976-0032,postal code
〒976-0033,postal code
〒976-0034,postal code
〒976-0035,postal code
〒976-0036,postal code
〒976-0037,postal code
〒976-0038,postal code
〒976-0039,postal code
〒976-0040,postal code
〒976-0041,postal code
〒976-0042,postal code
〒976-0043,postal code
〒976-0044,postal code
〒976-0045,postal code
〒976-0046,postal code
〒976-0047,postal code
〒976-0048,postal code
〒976-0049,postal code
〒976-0050,postal code
〒976-0051,postal code
〒976-0052,postal code
〒976-0053,postal code
〒976-0054,postal code
〒976-0055,postal code
〒976-0056,postal code
〒976-0057,postal code
〒976-0058,postal code
〒976-0059,postal code
〒976-0060,postal code
〒976-0061,postal code
〒976-0062,postal code
〒976-0063,postal code
〒976-0064,postal code
〒976-0065,postal code
〒976-0066,postal code
〒976-0067,postal code
〒976-0068,postal code
〒976-0069,postal code
〒976-0070,postal code
〒976-0071,postal code
〒976-0072,postal code
〒976-0073,postal code
〒976-0074,postal code
〒976-0075,postal code
〒976-0076,postal code
〒976-0077,postal code
〒976-0078,postal code
〒976-0079,postal code
〒976-0080,postal code
〒976-0081,postal code
〒976-0082,postal code
〒976-0083,postal code
〒976-0084,postal code
〒976-0085,postal code
〒976-0086,postal code
〒976-0087,postal code
〒976-0088,postal code
〒976-0089,postal code
〒976-0090,postal code
〒976-0091,postal code
〒976-0092,postal code
〒976-0093,postal code
〒976-0094,postal code
〒989-0272,postal code
299-3219,postal code
299-3219,postal code
299-3220,postal code
299-3221,postal code
299-3222,postal code
299-3223,postal code
299-3224,postal code
299-3225,postal code
299-3226,postal code
299-3227,postal code
299-3228,postal code
299-3229,postal code
299-3230,postal code
299-3231,postal code
299-3232,postal code
299-3233,postal code
299-3234,postal code
299-3235,postal code
299-3236,postal code
299-3237,postal code
299-3238,postal code
299-3239,postal code
299-3240,postal code
299-3241,postal code
299-3242,postal code
299-3243,postal code
299-3244,postal code
299-3245,postal code
299-3246,postal code
299-3247,postal code
299-3248,postal code
299-3249,postal code
299-3250,postal code
299-3251,postal code
299-3252,postal code
299-3253,postal code
299-3254,postal code
299-3255,postal code
299-3256,postal code
299-3257,postal code
299-3258,postal code
299-3259,postal code
299-3260,postal code
299-3261,postal code
299-3262,postal code
299-3263,postal code
299-3264,postal code
299-3265,postal code
299-3266,postal code
299-3267,postal code
299-3268,postal code
299-3269,postal code
299-3270,postal code
299-3271,postal code
299-3272,postal code
299-3273,postal code
299-3274,postal code
299-3275,postal code
299-3276,postal code
299-3277,postal code
299-3278,postal code
299-3279,postal code
299-3280,postal code
299-3281,postal code
299-3282,postal code
299-3283,postal code
299-3284,postal code
299-3285,postal code
299-3286,postal code
299-3287,postal code
299-3288,postal code
299-3289,postal code
299-3290,postal code
299-3291,postal code
299-3292,postal code
299-3293,postal code
299-3294,postal code
299-3295,postal code
299-3296,postal code
584-0081,postal code
652-0805,postal code
662-0075,postal code
764-0031,postal code
851-2108,postal code
872-0673,postal code
a.hill@randatmail.com,Email
p.elliott@randatmail.com,Email
d.barrett@randatmail.com,Email
a.carter@randatmail.com,Email
t.murray@randatmail.com,Email
m.hill@randatmail.com,Email
e.martin@randatmail.com,Email
a.campbell@randatmail.com,Email
a.owens@randatmail.com,Email
o.dixon@randatmail.com,Email
s.bennett@randatmail.com,Email
s.sullivan@randatmail.com,Email
r.stevens@randatmail.com,Email
s.hill@randatmail.com,Email
r.barnes@randatmail.com,Email
h.nelson@randatmail.com,Email
j.bailey@randatmail.com,Email
c.foster@randatmail.com,Email
f.morrison@randatmail.com,Email
a.harper@randatmail.com,Email
s.williams@randatmail.com,Email
g.russell@randatmail.com,Email
d.brooks@randatmail.com,Email
a.craig@randatmail.com,Email
h.williams@randatmail.com,Email
l.roberts@randatmail.com,Email
l.montgomery@randatmail.com,Email
a.spencer@randatmail.com,Email
m.stewart@randatmail.com,Email
c.smith@randatmail.com,Email
s.murray@randatmail.com,Email
n.hawkins@randatmail.com,Email
v.stewart@randatmail.com,Email
m.richards@randatmail.com,Email
m.murphy@randatmail.com,Email
r.kelly@randatmail.com,Email
b.higgins@randatmail.com,Email
a.howard@randatmail.com,Email
m.brown@randatmail.com,Email
a.turner@randatmail.com,Email
e.alexander@randatmail.com,Email
a.fowler@randatmail.com,Email
a.myers@randatmail.com,Email
a.henderson@randatmail.com,Email
a.johnston@randatmail.com,Email
w.smith@randatmail.com,Email
l.parker@randatmail.com,Email
n.kelly@randatmail.com,Email
n.casey@randatmail.com,Email
a.riley@randatmail.com,Email
j.mitchell@randatmail.com,Email
c.perry@randatmail.com,Email
s.allen@randatmail.com,Email
m.bennett@randatmail.com,Email
f.higgins@randatmail.com,Email
a.evans@randatmail.com,Email
r.hill@randatmail.com,Email
n.cole@randatmail.com,Email
c.casey@randatmail.com,Email
a.montgomery@randatmail.com,Email
s.montgomery@randatmail.com,Email
s.armstrong@randatmail.com,Email
j.douglas@randatmail.com,Email
n.hall@randatmail.com,Email
g.ross@randatmail.com,Email
r.riley@randatmail.com,Email
s.moore@randatmail.com,Email
a.baker@randatmail.com,Email
e.thompson@randatmail.com,Email
k.rogers@randatmail.com,Email
a.turner@randatmail.com,Email
j.ferguson@randatmail.com,Email
r.martin@randatmail.com,Email
a.henderson@randatmail.com,Email
d.mitchell@randatmail.com,Email
v.harrison@randatmail.com,Email
c.bailey@randatmail.com,Email
h.fowler@randatmail.com,Email
j.ross@randatmail.com,Email
a.murphy@randatmail.com,Email
j.scott@randatmail.com,Email
r.howard@randatmail.com,Email
b.fowler@randatmail.com,Email
t.johnson@randatmail.com,Email
c.harrison@randatmail.com,Email
b.harrison@randatmail.com,Email
r.riley@randatmail.com,Email
m.roberts@randatmail.com,Email
a.harper@randatmail.com,Email
j.dixon@randatmail.com,Email
a.wright@randatmail.com,Email
l.johnston@randatmail.com,Email
t.mitchell@randatmail.com,Email
m.montgomery@randatmail.com,Email
g.west@randatmail.com,Email
a.dixon@randatmail.com,Email
m.morrison@randatmail.com,Email
h.barnes@randatmail.com,Email
c.owens@randatmail.com,Email
k.elliott@randatmail.com,Email
c.edwards@randatmail.com,Email
r.jones@randatmail.com,Email
l.ross@randatmail.com,Email
a.spencer@randatmail.com,Email
p.holmes@randatmail.com,Email
a.clark@randatmail.com,Email
g.alexander@randatmail.com,Email
p.davis@randatmail.com,Email
a.rogers@randatmail.com,Email
r.harper@randatmail.com,Email
f.kelley@randatmail.com,Email
p.barnes@randatmail.com,Email
j.carter@randatmail.com,Email
k.douglas@randatmail.com,Email
t.higgins@randatmail.com,Email
d.robinson@randatmail.com,Email
c.grant@randatmail.com,Email
m.ross@randatmail.com,Email
a.cooper@randatmail.com,Email
c.douglas@randatmail.com,Email
k.montgomery@randatmail.com,Email
k.holmes@randatmail.com,Email
j.harrison@randatmail.com,Email
t.elliott@randatmail.com,Email
l.dixon@randatmail.com,Email
b.evans@randatmail.com,Email
e.thompson@randatmail.com,Email
a.martin@randatmail.com,Email
c.jones@randatmail.com,Email
c.parker@randatmail.com,Email
k.russell@randatmail.com,Email
d.thomas@randatmail.com,Email
c.robinson@randatmail.com,Email
k.armstrong@randatmail.com,Email
e.dixon@randatmail.com,Email
e.ryan@randatmail.com,Email
c.crawford@randatmail.com,Email
s.howard@randatmail.com,Email
r.thomas@randatmail.com,Email
v.cunningham@randatmail.com,Email
c.moore@randatmail.com,Email
j.hamilton@randatmail.com,Email
e.andrews@randatmail.com,Email
e.martin@randatmail.com,Email
h.carter@randatmail.com,Email
k.gray@randatmail.com,Email
a.parker@randatmail.com,Email
a.ferguson@randatmail.com,Email
d.davis@randatmail.com,Email
a.harrison@randatmail.com,Email
d.gibson@randatmail.com,Email
e.ferguson@randatmail.com,Email
p.kelley@randatmail.com,Email
s.mason@randatmail.com,Email
f.mason@randatmail.com,Email
m.anderson@randatmail.com,Email
l.evans@randatmail.com,Email
s.stevens@randatmail.com,Email
e.andrews@randatmail.com,Email
a.warren@randatmail.com,Email
d.roberts@randatmail.com,Email
a.morris@randatmail.com,Email
e.roberts@randatmail.com,Email
l.wright@randatmail.com,Email
s.davis@randatmail.com,Email
c.russell@randatmail.com,Email
c.warren@randatmail.com,Email
o.anderson@randatmail.com,Email
k.scott@randatmail.com,Email
g.perry@randatmail.com,Email
g.grant@randatmail.com,Email
k.richardson@randatmail.com,Email
e.russell@randatmail.com,Email
g.thomas@randatmail.com,Email
b.ryan@randatmail.com,Email
g.ellis@randatmail.com,Email
a.elliott@randatmail.com,Email
m.chapman@randatmail.com,Email
e.carroll@randatmail.com,Email
b.west@randatmail.com,Email
j.riley@randatmail.com,Email
n.hill@randatmail.com,Email
i.thompson@randatmail.com,Email
m.robinson@randatmail.com,Email
a.hawkins@randatmail.com,Email
r.holmes@randatmail.com,Email
e.wells@randatmail.com,Email
e.johnston@randatmail.com,Email
v.bailey@randatmail.com,Email
s.elliott@randatmail.com,Email
r.jones@randatmail.com,Email
r.williams@randatmail.com,Email
l.stevens@randatmail.com,Email
s.harris@randatmail.com,Email
a.roberts@randatmail.com,Email
c.fowler@randatmail.com,Email
r.hall@randatmail.com,Email
a.moore@randatmail.com,Email
a.casey@randatmail.com,Email
k.evans@randatmail.com,Email
Email: h.taylor@randatmaiEmail: l.com,Email
Email: Email: a.parker@randatmaiEmail: l.com,Email
Email: m.harris@randatmaiEmail: l.com,Email
Email: f.carter@randatmaiEmail: l.com,Email
Email: j.myers@randatmaiEmail: l.com,Email
Email: b.dixon@randatmaiEmail: l.com,Email
Email: e.fowler@randatmaiEmail: l.com,Email
Email: s.dixon@randatmaiEmail: l.com,Email
Email: s.stewart@randatmaiEmail: l.com,Email
Email: o.jones@randatmaiEmail: l.com,Email
Email: Email: a.johnston@randatmaiEmail: l.com,Email
Email: s.hall@randatmaiEmail: l.com,Email
Email: l.roberts@randatmaiEmail: l.com,Email
Email: Email: a.watson@randatmaiEmail: l.com,Email
Email: e.russell@randatmaiEmail: l.com,Email
Email: s.fowler@randatmaiEmail: l.com,Email
Email: k.wright@randatmaiEmail: l.com,Email
Email: h.nelson@randatmaiEmail: l.com,Email
Email: k.owens@randatmaiEmail: l.com,Email
Email: s.sullivan@randatmaiEmail: l.com,Email
Email: c.johnson@randatmaiEmail: l.com,Email
Email: m.grant@randatmaiEmail: l.com,Email
Email: m.ferguson@randatmaiEmail: l.com,Email
Email: l.elliott@randatmaiEmail: l.com,Email
Email: c.elliott@randatmaiEmail: l.com,Email
Email: Email: a.thomas@randatmaiEmail: l.com,Email
Email: Email: a.brown@randatmaiEmail: l.com,Email
Email: r.farrell@randatmaiEmail: l.com,Email
Email: j.crawford@randatmaiEmail: l.com,Email
Email: c.richardson@randatmaiEmail: l.com,Email
Email: Email: a.barnes@randatmaiEmail: l.com,Email
Email: t.baker@randatmaiEmail: l.com,Email
Email: j.evans@randatmaiEmail: l.com,Email
Email: v.lloyd@randatmaiEmail: l.com,Email
Email: f.grant@randatmaiEmail: l.com,Email
Email: h.crawford@randatmaiEmail: l.com,Email
Email: m.hall@randatmaiEmail: l.com,Email
Email: l.higgins@randatmaiEmail: l.com,Email
Email: Email: a.cunningham@randatmaiEmail: l.com,Email
Email: k.harrison@randatmaiEmail: l.com,Email
Email: j.scott@randatmaiEmail: l.com,Email
Email: t.mitchell@randatmaiEmail: l.com,Email
Email: t.adams@randatmaiEmail: l.com,Email
Email: b.thompson@randatmaiEmail: l.com,Email
Email: e.ferguson@randatmaiEmail: l.com,Email
Email: r.armstrong@randatmaiEmail: l.com,Email
Email: r.miller@randatmaiEmail: l.com,Email
Email: m.spencer@randatmaiEmail: l.com,Email
Email: m.brooks@randatmaiEmail: l.com,Email
Email: e.armstrong@randatmaiEmail: l.com,Email
Email: s.davis@randatmaiEmail: l.com,Email
Email: p.hawkins@randatmaiEmail: l.com,Email
Email: m.tucker@randatmaiEmail: l.com,Email
Email: l.phillips@randatmaiEmail: l.com,Email
Email: d.hamilton@randatmaiEmail: l.com,Email
Email: h.ferguson@randatmaiEmail: l.com,Email
Email: v.barrett@randatmaiEmail: l.com,Email
Email: j.hall@randatmaiEmail: l.com,Email
Email: Email: a.kelley@randatmaiEmail: l.com,Email
Email: b.carter@randatmaiEmail: l.com,Email
Email: b.rogers@randatmaiEmail: l.com,Email
Email: e.dixon@randatmaiEmail: l.com,Email
Email: h.howard@randatmaiEmail: l.com,Email
Email: d.clark@randatmaiEmail: l.com,Email
Email: o.wilson@randatmaiEmail: l.com,Email
Email: Email: a.chapman@randatmaiEmail: l.com,Email
Email: Email: a.myers@randatmaiEmail: l.com,Email
Email: Email: a.wells@randatmaiEmail: l.com,Email
Email: Email: a.mitchell@randatmaiEmail: l.com,Email
Email: e.hill@randatmaiEmail: l.com,Email
Email: t.andrews@randatmaiEmail: l.com,Email
Email: o.barnes@randatmaiEmail: l.com,Email
Email: n.west@randatmaiEmail: l.com,Email
Email: Email: a.barnes@randatmaiEmail: l.com,Email
Email: m.robinson@randatmaiEmail: l.com,Email
Email: Email: a.riley@randatmaiEmail: l.com,Email
Email: Email: a.bailey@randatmaiEmail: l.com,Email
Email: c.stevens@randatmaiEmail: l.com,Email
Email: b.wells@randatmaiEmail: l.com,Email
Email: s.cooper@randatmaiEmail: l.com,Email
Email: Email: a.moore@randatmaiEmail: l.com,Email
Email: l.ferguson@randatmaiEmail: l.com,Email
Email: d.andrews@randatmaiEmail: l.com,Email
Email: t.ferguson@randatmaiEmail: l.com,Email
Email: s.evans@randatmaiEmail: l.com,Email
Email: r.ryan@randatmaiEmail: l.com,Email
Email: f.russell@randatmaiEmail: l.com,Email
Email: Email: a.wilson@randatmaiEmail: l.com,Email
Email: Email: a.cameron@randatmaiEmail: l.com,Email
Email: h.campbell@randatmaiEmail: l.com,Email
Email: Email: a.mitchell@randatmaiEmail: l.com,Email
Email: i.brown@randatmaiEmail: l.com,Email
Email: r.walker@randatmaiEmail: l.com,Email
Email: d.mitchell@randatmaiEmail: l.com,Email
Email: Email: a.reed@randatmaiEmail: l.com,Email
Email: j.moore@randatmaiEmail: l.com,Email
Email: t.nelson@randatmaiEmail: l.com,Email
Email: Email: a.gibson@randatmaiEmail: l.com,Email
Email: v.morrison@randatmaiEmail: l.com,Email
Email: m.henderson@randatmaiEmail: l.com,Email
Email: j.johnson@randatmaiEmail: l.com,Email
Email: m.holmes@randatmaiEmail: l.com,Email
Email: g.reed@randatmaiEmail: l.com,Email
Email: m.morrison@randatmaiEmail: l.com,Email
Email: b.kelley@randatmaiEmail: l.com,Email
Email: h.riley@randatmaiEmail: l.com,Email
Email: d.harris@randatmaiEmail: l.com,Email
Email: d.baker@randatmaiEmail: l.com,Email
Email: j.hill@randatmaiEmail: l.com,Email
Email: c.taylor@randatmaiEmail: l.com,Email
Email: d.wilson@randatmaiEmail: l.com,Email
Email: Email: a.ellis@randatmaiEmail: l.com,Email
Email: h.scott@randatmaiEmail: l.com,Email
Email: Email: a.martin@randatmaiEmail: l.com,Email
Email: p.edwards@randatmaiEmail: l.com,Email
Email: n.payne@randatmaiEmail: l.com,Email
Email: h.henderson@randatmaiEmail: l.com,Email
Email: d.hunt@randatmaiEmail: l.com,Email
Email: e.farrell@randatmaiEmail: l.com,Email
Email: Email: a.stewart@randatmaiEmail: l.com,Email
Email: t.campbell@randatmaiEmail: l.com,Email
Email: e.grant@randatmaiEmail: l.com,Email
Email: Email: a.jones@randatmaiEmail: l.com,Email
Email: d.myers@randatmaiEmail: l.com,Email
Email: j.riley@randatmaiEmail: l.com,Email
Email: t.ryan@randatmaiEmail: l.com,Email
Email: l.brown@randatmaiEmail: l.com,Email
Email: b.roberts@randatmaiEmail: l.com,Email
Email: s.stevens@randatmaiEmail: l.com,Email
Email: v.harris@randatmaiEmail: l.com,Email
Email: t.owens@randatmaiEmail: l.com,Email
Email: Email: p.smith@randatmaiEmail: l.com,Email
Email: Email: a.ferguson@randatmaiEmail: l.com,Email
Email: v.mitchell@randatmaiEmail: l.com,Email
Email: c.perry@randatmaiEmail: l.com,Email
Email: t.campbell@randatmaiEmail: l.com,Email
Email: f.scott@randatmaiEmail: l.com,Email
Email: Email: a.armstrong@randatmaiEmail: l.com,Email
Email: j.fowler@randatmaiEmail: l.com,Email
Email: j.farrell@randatmaiEmail: l.com,Email
Email: c.hamilton@randatmaiEmail: l.com,Email
Email: h.jones@randatmaiEmail: l.com,Email
Email: e.thompson@randatmaiEmail: l.com,Email
Email: l.stevens@randatmaiEmail: l.com,Email
Email: r.craig@randatmaiEmail: l.com,Email
Email: b.martin@randatmaiEmail: l.com,Email
Email: f.turner@randatmaiEmail: l.com,Email
Email: c.morgan@randatmaiEmail: l.com,Email
Email: d.gibson@randatmaiEmail: l.com,Email
Email: c.foster@randatmaiEmail: l.com,Email
Email: c.nelson@randatmaiEmail: l.com,Email
Email: d.carter@randatmaiEmail: l.com,Email
Email: l.edwards@randatmaiEmail: l.com,Email
Email: l.watson@randatmaiEmail: l.com,Email
Email: c.cole@randatmaiEmail: l.com,Email
Email: r.campbell@randatmaiEmail: l.com,Email
Email: e.andrews@randatmaiEmail: l.com,Email
Email: m.taylor@randatmaiEmail: l.com,Email
Email: m.perkins@randatmaiEmail: l.com,Email
Email: o.nelson@randatmaiEmail: l.com,Email
Email: v.alexander@randatmaiEmail: l.com,Email
Email: w.farrell@randatmaiEmail: l.com,Email
Email: Email: a.martin@randatmaiEmail: l.com,Email
Email: m.cunningham@randatmaiEmail: l.com,Email
Email: m.warren@randatmaiEmail: l.com,Email
Email: b.hunt@randatmaiEmail: l.com,Email
Email: r.howard@randatmaiEmail: l.com,Email
Email: j.riley@randatmaiEmail: l.com,Email
Email: b.wright@randatmaiEmail: l.com,Email
Email: Email: a.foster@randatmaiEmail: l.com,Email
Email: j.richards@randatmaiEmail: l.com,Email
Email: s.williams@randatmaiEmail: l.com,Email
Email: k.ryan@randatmaiEmail: l.com,Email
Email: l.phillips@randatmaiEmail: l.com,Email
Email: Email: a.henderson@randatmaiEmail: l.com,Email
Email: v.higgins@randatmaiEmail: l.com,Email
Email: c.harper@randatmaiEmail: l.com,Email
Email: r.richardson@randatmaiEmail: l.com,Email
Email: b.johnston@randatmaiEmail: l.com,Email
Email: Email: a.myers@randatmaiEmail: l.com,Email
Email: m.cunningham@randatmaiEmail: l.com,Email
Email: o.cole@randatmaiEmail: l.com,Email
Email: Email: a.riley@randatmaiEmail: l.com,Email
Email: p.roberts@randatmaiEmail: l.com,Email
Email: k.davis@randatmaiEmail: l.com,Email
Email: Email: a.phillips@randatmaiEmail: l.com,Email
Email: p.hill@randatmaiEmail: l.com,Email
Email: t.gray@randatmaiEmail: l.com,Email
Email: c.andrews@randatmaiEmail: l.com,Email
Email: k.spencer@randatmaiEmail: l.com,Email
Email: l.brown@randatmaiEmail: l.com,Email
Email: e.ferguson@randatmaiEmail: l.com,Email
Email: Email: a.lloyd@randatmaiEmail: l.com,Email
Email: i.perkins@randatmaiEmail: l.com,Email
Email: b.payne@randatmaiEmail: l.com,Email
Email: r.hill@randatmaiEmail: l.com,Email
Email: p.brooks@randatmaiEmail: l.com,Email
Email: Email: a.cole@randatmaiEmail: l.com,Email
Email: Email: a.morrison@randatmaiEmail: l.com,Email
Email: m.warren@randatmaiEmail: l.com,Email